[{
    "inputs": [],
    "stateMutability": "nonpayable",
    "type": "constructor"
}, {
    "anonymous": false,
    "inputs": [{
        "indexed": true,
        "internalType": "address",
        "name": "owner",
        "type": "address"
    }, {
        "indexed": true,
        "internalType": "address",
        "name": "spender",
        "type": "address"
    }, {
        "indexed": false,
        "internalType": "uint256",
        "name": "value",
        "type": "uint256"
    }],
    "name": "Approval",
    "type": "event"
}, {
    "anonymous": false,
    "inputs": [{
        "indexed": false,
        "internalType": "bool",
        "name": "enabled",
        "type": "bool"
    }],
    "name": "BuyBackEnabledUpdated",
    "type": "event"
}, {
    "anonymous": false,
    "inputs": [{
        "indexed": true,
        "internalType": "address",
        "name": "previousOwner",
        "type": "address"
    }, {
        "indexed": true,
        "internalType": "address",
        "name": "newOwner",
        "type": "address"
    }],
    "name": "OwnershipTransferred",
    "type": "event"
}, {
    "anonymous": false,
    "inputs": [{
        "indexed": false,
        "internalType": "uint256",
        "name": "tokenAmount",
        "type": "uint256"
    }],
    "name": "RewardLiquidityProviders",
    "type": "event"
}, {
    "anonymous": false,
    "inputs": [{
        "indexed": false,
        "internalType": "uint256",
        "name": "tokensSwapped",
        "type": "uint256"
    }, {
        "indexed": false,
        "internalType": "uint256",
        "name": "ethReceived",
        "type": "uint256"
    }, {
        "indexed": false,
        "internalType": "uint256",
        "name": "tokensIntoLiqudity",
        "type": "uint256"
    }],
    "name": "SwapAndLiquify",
    "type": "event"
}, {
    "anonymous": false,
    "inputs": [{
        "indexed": false,
        "internalType": "bool",
        "name": "enabled",
        "type": "bool"
    }],
    "name": "SwapAndLiquifyEnabledUpdated",
    "type": "event"
}, {
    "anonymous": false,
    "inputs": [{
        "indexed": false,
        "internalType": "uint256",
        "name": "amountIn",
        "type": "uint256"
    }, {
        "indexed": false,
        "internalType": "address[]",
        "name": "path",
        "type": "address[]"
    }],
    "name": "SwapETHForTokens",
    "type": "event"
}, {
    "anonymous": false,
    "inputs": [{
        "indexed": false,
        "internalType": "uint256",
        "name": "amountIn",
        "type": "uint256"
    }, {
        "indexed": false,
        "internalType": "address[]",
        "name": "path",
        "type": "address[]"
    }],
    "name": "SwapTokensForETH",
    "type": "event"
}, {
    "anonymous": false,
    "inputs": [{
        "indexed": true,
        "internalType": "address",
        "name": "from",
        "type": "address"
    }, {
        "indexed": true,
        "internalType": "address",
        "name": "to",
        "type": "address"
    }, {
        "indexed": false,
        "internalType": "uint256",
        "name": "value",
        "type": "uint256"
    }],
    "name": "Transfer",
    "type": "event"
}, {
    "inputs": [],
    "name": "_BliquidityFee",
    "outputs": [{
        "internalType": "uint256",
        "name": "",
        "type": "uint256"
    }],
    "stateMutability": "view",
    "type": "function"
}, {
    "inputs": [],
    "name": "_CharityFee",
    "outputs": [{
        "internalType": "uint256",
        "name": "",
        "type": "uint256"
    }],
    "stateMutability": "view",
    "type": "function"
}, {
    "inputs": [],
    "name": "_HappyBuyliquidityFee",
    "outputs": [{
        "internalType": "uint256",
        "name": "",
        "type": "uint256"
    }],
    "stateMutability": "view",
    "type": "function"
}, {
    "inputs": [],
    "name": "_HappyCharityFee",
    "outputs": [{
        "internalType": "uint256",
        "name": "",
        "type": "uint256"
    }],
    "stateMutability": "view",
    "type": "function"
}, {
    "inputs": [],
    "name": "_HappyMarketingFee",
    "outputs": [{
        "internalType": "uint256",
        "name": "",
        "type": "uint256"
    }],
    "stateMutability": "view",
    "type": "function"
}, {
    "inputs": [],
    "name": "_HappySellliquidityFee",
    "outputs": [{
        "internalType": "uint256",
        "name": "",
        "type": "uint256"
    }],
    "stateMutability": "view",
    "type": "function"
}, {
    "inputs": [],
    "name": "_MarketingFee",
    "outputs": [{
        "internalType": "uint256",
        "name": "",
        "type": "uint256"
    }],
    "stateMutability": "view",
    "type": "function"
}, {
    "inputs": [],
    "name": "_SliquidityFee",
    "outputs": [{
        "internalType": "uint256",
        "name": "",
        "type": "uint256"
    }],
    "stateMutability": "view",
    "type": "function"
}, {
    "inputs": [],
    "name": "_maxTxAmount",
    "outputs": [{
        "internalType": "uint256",
        "name": "",
        "type": "uint256"
    }],
    "stateMutability": "view",
    "type": "function"
}, {
    "inputs": [],
    "name": "_maxWalletAmount",
    "outputs": [{
        "internalType": "uint256",
        "name": "",
        "type": "uint256"
    }],
    "stateMutability": "view",
    "type": "function"
}, {
    "inputs": [],
    "name": "_taxFee",
    "outputs": [{
        "internalType": "uint256",
        "name": "",
        "type": "uint256"
    }],
    "stateMutability": "view",
    "type": "function"
}, {
    "inputs": [],
    "name": "afterPreSale",
    "outputs": [],
    "stateMutability": "nonpayable",
    "type": "function"
}, {
    "inputs": [{
        "internalType": "address",
        "name": "owner",
        "type": "address"
    }, {
        "internalType": "address",
        "name": "spender",
        "type": "address"
    }],
    "name": "allowance",
    "outputs": [{
        "internalType": "uint256",
        "name": "",
        "type": "uint256"
    }],
    "stateMutability": "view",
    "type": "function"
}, {
    "inputs": [{
        "internalType": "address",
        "name": "spender",
        "type": "address"
    }, {
        "internalType": "uint256",
        "name": "amount",
        "type": "uint256"
    }],
    "name": "approve",
    "outputs": [{
        "internalType": "bool",
        "name": "",
        "type": "bool"
    }],
    "stateMutability": "nonpayable",
    "type": "function"
}, {
    "inputs": [{
        "internalType": "address",
        "name": "account",
        "type": "address"
    }],
    "name": "balanceOf",
    "outputs": [{
        "internalType": "uint256",
        "name": "",
        "type": "uint256"
    }],
    "stateMutability": "view",
    "type": "function"
}, {
    "inputs": [],
    "name": "buyBackEnabled",
    "outputs": [{
        "internalType": "bool",
        "name": "",
        "type": "bool"
    }],
    "stateMutability": "view",
    "type": "function"
}, {
    "inputs": [],
    "name": "buyBackUpperLimitAmount",
    "outputs": [{
        "internalType": "uint256",
        "name": "",
        "type": "uint256"
    }],
    "stateMutability": "view",
    "type": "function"
}, {
    "inputs": [],
    "name": "charityAddress",
    "outputs": [{
        "internalType": "address payable",
        "name": "",
        "type": "address"
    }],
    "stateMutability": "view",
    "type": "function"
}, {
    "inputs": [],
    "name": "deadAddress",
    "outputs": [{
        "internalType": "address",
        "name": "",
        "type": "address"
    }],
    "stateMutability": "view",
    "type": "function"
}, {
    "inputs": [],
    "name": "decimals",
    "outputs": [{
        "internalType": "uint8",
        "name": "",
        "type": "uint8"
    }],
    "stateMutability": "view",
    "type": "function"
}, {
    "inputs": [{
        "internalType": "address",
        "name": "spender",
        "type": "address"
    }, {
        "internalType": "uint256",
        "name": "subtractedValue",
        "type": "uint256"
    }],
    "name": "decreaseAllowance",
    "outputs": [{
        "internalType": "bool",
        "name": "",
        "type": "bool"
    }],
    "stateMutability": "nonpayable",
    "type": "function"
}, {
    "inputs": [{
        "internalType": "uint256",
        "name": "tAmount",
        "type": "uint256"
    }],
    "name": "deliver",
    "outputs": [],
    "stateMutability": "nonpayable",
    "type": "function"
}, {
    "inputs": [],
    "name": "endHappyHour",
    "outputs": [],
    "stateMutability": "nonpayable",
    "type": "function"
}, {
    "inputs": [{
        "internalType": "address",
        "name": "account",
        "type": "address"
    }],
    "name": "excludeFromFee",
    "outputs": [],
    "stateMutability": "nonpayable",
    "type": "function"
}, {
    "inputs": [{
        "internalType": "address",
        "name": "account",
        "type": "address"
    }],
    "name": "excludeFromReward",
    "outputs": [],
    "stateMutability": "nonpayable",
    "type": "function"
}, {
    "inputs": [],
    "name": "getTime",
    "outputs": [{
        "internalType": "uint256",
        "name": "",
        "type": "uint256"
    }],
    "stateMutability": "view",
    "type": "function"
}, {
    "inputs": [],
    "name": "getUnlockTime",
    "outputs": [{
        "internalType": "uint256",
        "name": "",
        "type": "uint256"
    }],
    "stateMutability": "view",
    "type": "function"
}, {
    "inputs": [{
        "internalType": "address",
        "name": "account",
        "type": "address"
    }],
    "name": "includeInFee",
    "outputs": [],
    "stateMutability": "nonpayable",
    "type": "function"
}, {
    "inputs": [{
        "internalType": "address",
        "name": "account",
        "type": "address"
    }],
    "name": "includeInReward",
    "outputs": [],
    "stateMutability": "nonpayable",
    "type": "function"
}, {
    "inputs": [{
        "internalType": "address",
        "name": "spender",
        "type": "address"
    }, {
        "internalType": "uint256",
        "name": "addedValue",
        "type": "uint256"
    }],
    "name": "increaseAllowance",
    "outputs": [{
        "internalType": "bool",
        "name": "",
        "type": "bool"
    }],
    "stateMutability": "nonpayable",
    "type": "function"
}, {
    "inputs": [{
        "internalType": "address",
        "name": "account",
        "type": "address"
    }],
    "name": "isExcludedFromFee",
    "outputs": [{
        "internalType": "bool",
        "name": "",
        "type": "bool"
    }],
    "stateMutability": "view",
    "type": "function"
}, {
    "inputs": [{
        "internalType": "address",
        "name": "account",
        "type": "address"
    }],
    "name": "isExcludedFromReward",
    "outputs": [{
        "internalType": "bool",
        "name": "",
        "type": "bool"
    }],
    "stateMutability": "view",
    "type": "function"
}, {
    "inputs": [{
        "internalType": "uint256",
        "name": "time",
        "type": "uint256"
    }],
    "name": "lock",
    "outputs": [],
    "stateMutability": "nonpayable",
    "type": "function"
}, {
    "inputs": [],
    "name": "marketingAddress",
    "outputs": [{
        "internalType": "address payable",
        "name": "",
        "type": "address"
    }],
    "stateMutability": "view",
    "type": "function"
}, {
    "inputs": [],
    "name": "marketingDivisor",
    "outputs": [{
        "internalType": "uint256",
        "name": "",
        "type": "uint256"
    }],
    "stateMutability": "view",
    "type": "function"
}, {
    "inputs": [],
    "name": "minimumTokensBeforeSwapAmount",
    "outputs": [{
        "internalType": "uint256",
        "name": "",
        "type": "uint256"
    }],
    "stateMutability": "view",
    "type": "function"
}, {
    "inputs": [],
    "name": "name",
    "outputs": [{
        "internalType": "string",
        "name": "",
        "type": "string"
    }],
    "stateMutability": "view",
    "type": "function"
}, {
    "inputs": [],
    "name": "owner",
    "outputs": [{
        "internalType": "address",
        "name": "",
        "type": "address"
    }],
    "stateMutability": "view",
    "type": "function"
}, {
    "inputs": [],
    "name": "prepareForPreSale",
    "outputs": [],
    "stateMutability": "nonpayable",
    "type": "function"
}, {
    "inputs": [{
        "internalType": "uint256",
        "name": "tAmount",
        "type": "uint256"
    }, {
        "internalType": "bool",
        "name": "deductTransferFee",
        "type": "bool"
    }],
    "name": "reflectionFromToken",
    "outputs": [{
        "internalType": "uint256",
        "name": "",
        "type": "uint256"
    }],
    "stateMutability": "view",
    "type": "function"
}, {
    "inputs": [],
    "name": "renounceOwnership",
    "outputs": [],
    "stateMutability": "nonpayable",
    "type": "function"
}, {
    "inputs": [{
        "internalType": "uint256",
        "name": "buyLiq",
        "type": "uint256"
    }, {
        "internalType": "uint256",
        "name": "sellLiq",
        "type": "uint256"
    }, {
        "internalType": "uint256",
        "name": "marketing",
        "type": "uint256"
    }, {
        "internalType": "uint256",
        "name": "charity",
        "type": "uint256"
    }],
    "name": "setHappyHourTaxes",
    "outputs": [],
    "stateMutability": "nonpayable",
    "type": "function"
}, {
    "inputs": [{
        "internalType": "address",
        "name": "_marketingAddress",
        "type": "address"
    }],
    "name": "setMarketingAddress",
    "outputs": [],
    "stateMutability": "nonpayable",
    "type": "function"
}, {
    "inputs": [{
        "internalType": "uint256",
        "name": "divisor",
        "type": "uint256"
    }],
    "name": "setMarketingDivisor",
    "outputs": [],
    "stateMutability": "nonpayable",
    "type": "function"
}, {
    "inputs": [{
        "internalType": "uint256",
        "name": "maxTxAmount",
        "type": "uint256"
    }],
    "name": "setMaxTxAmount",
    "outputs": [],
    "stateMutability": "nonpayable",
    "type": "function"
}, {
    "inputs": [{
        "internalType": "uint256",
        "name": "maxTxAmount",
        "type": "uint256"
    }],
    "name": "setMaxWalletAmount",
    "outputs": [],
    "stateMutability": "nonpayable",
    "type": "function"
}, {
    "inputs": [{
        "internalType": "uint256",
        "name": "_minimumTokensBeforeSwap",
        "type": "uint256"
    }],
    "name": "setNumTokensSellToAddToLiquidity",
    "outputs": [],
    "stateMutability": "nonpayable",
    "type": "function"
}, {
    "inputs": [{
        "internalType": "bool",
        "name": "_enabled",
        "type": "bool"
    }],
    "name": "setSwapAndLiquifyEnabled",
    "outputs": [],
    "stateMutability": "nonpayable",
    "type": "function"
}, {
    "inputs": [{
        "internalType": "uint256",
        "name": "taxFee",
        "type": "uint256"
    }],
    "name": "setTaxFeePercent",
    "outputs": [],
    "stateMutability": "nonpayable",
    "type": "function"
}, {
    "inputs": [{
        "internalType": "uint256",
        "name": "buyLiq",
        "type": "uint256"
    }, {
        "internalType": "uint256",
        "name": "sellLiq",
        "type": "uint256"
    }, {
        "internalType": "uint256",
        "name": "marketing",
        "type": "uint256"
    }, {
        "internalType": "uint256",
        "name": "charity",
        "type": "uint256"
    }],
    "name": "setTaxes",
    "outputs": [],
    "stateMutability": "nonpayable",
    "type": "function"
}, {
    "inputs": [],
    "name": "startHappyHour",
    "outputs": [],
    "stateMutability": "nonpayable",
    "type": "function"
}, {
    "inputs": [],
    "name": "swapAndLiquifyEnabled",
    "outputs": [{
        "internalType": "bool",
        "name": "",
        "type": "bool"
    }],
    "stateMutability": "view",
    "type": "function"
}, {
    "inputs": [],
    "name": "symbol",
    "outputs": [{
        "internalType": "string",
        "name": "",
        "type": "string"
    }],
    "stateMutability": "view",
    "type": "function"
}, {
    "inputs": [{
        "internalType": "uint256",
        "name": "rAmount",
        "type": "uint256"
    }],
    "name": "tokenFromReflection",
    "outputs": [{
        "internalType": "uint256",
        "name": "",
        "type": "uint256"
    }],
    "stateMutability": "view",
    "type": "function"
}, {
    "inputs": [],
    "name": "totalFees",
    "outputs": [{
        "internalType": "uint256",
        "name": "",
        "type": "uint256"
    }],
    "stateMutability": "view",
    "type": "function"
}, {
    "inputs": [],
    "name": "totalSupply",
    "outputs": [{
        "internalType": "uint256",
        "name": "",
        "type": "uint256"
    }],
    "stateMutability": "view",
    "type": "function"
}, {
    "inputs": [{
        "internalType": "address",
        "name": "recipient",
        "type": "address"
    }, {
        "internalType": "uint256",
        "name": "amount",
        "type": "uint256"
    }],
    "name": "transfer",
    "outputs": [{
        "internalType": "bool",
        "name": "",
        "type": "bool"
    }],
    "stateMutability": "nonpayable",
    "type": "function"
}, {
    "inputs": [{
        "internalType": "address",
        "name": "sender",
        "type": "address"
    }, {
        "internalType": "address",
        "name": "recipient",
        "type": "address"
    }, {
        "internalType": "uint256",
        "name": "amount",
        "type": "uint256"
    }],
    "name": "transferFrom",
    "outputs": [{
        "internalType": "bool",
        "name": "",
        "type": "bool"
    }],
    "stateMutability": "nonpayable",
    "type": "function"
}, {
    "inputs": [{
        "internalType": "address",
        "name": "newOwner",
        "type": "address"
    }],
    "name": "transferOwnership",
    "outputs": [],
    "stateMutability": "nonpayable",
    "type": "function"
}, {
    "inputs": [],
    "name": "uniswapV2Pair",
    "outputs": [{
        "internalType": "address",
        "name": "",
        "type": "address"
    }],
    "stateMutability": "view",
    "type": "function"
}, {
    "inputs": [],
    "name": "uniswapV2Router",
    "outputs": [{
        "internalType": "contract IUniswapV2Router02",
        "name": "",
        "type": "address"
    }],
    "stateMutability": "view",
    "type": "function"
}, {
    "inputs": [],
    "name": "unlock",
    "outputs": [],
    "stateMutability": "nonpayable",
    "type": "function"
}, {
    "stateMutability": "payable",
    "type": "receive"
}]